id,level,chamber,district,cycle,activePhase,displayTitle,incumbentBioguideId
senate-2026,federal,U.S. Senate,,2026,general,,O000174
ga-01-2026,federal,U.S. House,1,2026,general,,
ga-02-2026,federal,U.S. House,2,2026,general,,
ga-03-2026,federal,U.S. House,3,2026,general,,
ga-04-2026,federal,U.S. House,4,2026,general,,
ga-05-2026,federal,U.S. House,5,2026,general,,
ga-06-2026,federal,U.S. House,6,2026,general,,
ga-07-2026,federal,U.S. House,7,2026,general,,
ga-08-2026,federal,U.S. House,8,2026,general,,
ga-09-2026,federal,U.S. House,9,2026,general,,
ga-10-2026,federal,U.S. House,10,2026,general,,
ga-11-2026,federal,U.S. House,11,2026,general,,
ga-12-2026,federal,U.S. House,12,2026,general,,
ga-13-2026,federal,U.S. House,13,2026,general,,
ga-13-special-2026,federal,U.S. House,13,2026,runoff,,
ga-14-2026,federal,U.S. House,14,2026,general,,
ga-agriculture-commissioner-2026,state-executive,Commissioner of Agriculture,,2026,general,,
ga-attorney-general-2026,state-executive,Attorney General,,2026,general,,
ga-governor-2026,state-executive,Governor,,2026,general,,
ga-insurance-commissioner-2026,state-executive,Insurance & Fire Safety Commissioner,,2026,general,,
ga-labor-commissioner-2026,state-executive,Labor Commissioner,,2026,general,,
ga-lt-governor-2026,state-executive,Lieutenant Governor,,2026,general,,
ga-psc-3-2026,state-executive,Public Service Commissioner,3,2026,general,,
ga-psc-5-2026,state-executive,Public Service Commissioner,5,2026,general,,
ga-secretary-of-state-2026,state-executive,Secretary of State,,2026,general,,
ga-school-superintendent-2026,state-executive,State School Superintendent,,2026,general,,
supreme-court-warren-2026,state-judicial,Supreme Court of Georgia,,2026,general,Supreme Court of Georgia — Warren Seat,
supreme-court-bethel-2026,state-judicial,Supreme Court of Georgia,,2026,general,Supreme Court of Georgia — Bethel Seat,
court-of-appeals-doyle-2026,state-judicial,Georgia Court of Appeals,,2026,general,Georgia Court of Appeals — Doyle Seat,
court-of-appeals-padgett-2026,state-judicial,Georgia Court of Appeals,,2026,general,Georgia Court of Appeals — Padgett Seat,
court-of-appeals-gobeil-2026,state-judicial,Georgia Court of Appeals,,2026,general,Georgia Court of Appeals — Gobeil Seat,
court-of-appeals-markle-2026,state-judicial,Georgia Court of Appeals,,2026,general,Georgia Court of Appeals — Markle Seat,
court-of-appeals-brown-2026,state-judicial,Georgia Court of Appeals,,2026,general,Georgia Court of Appeals — Brown Seat,
superior-court-alapaha-perryman-2026,state-judicial,Superior Court,,2026,general,Alapaha Judicial Circuit — Perryman,
superior-court-alcovy-mccamy-2026,state-judicial,Superior Court,,2026,general,Alcovy Judicial Circuit — McCamy,
superior-court-alcovy-zon-2026,state-judicial,Superior Court,,2026,general,Alcovy Judicial Circuit — Zon,
superior-court-appalachian-priest-2026,state-judicial,Superior Court,,2026,general,Appalachian Judicial Circuit — Priest,
superior-court-appalachian-sosebee-2026,state-judicial,Superior Court,,2026,general,Appalachian Judicial Circuit — Sosebee,
superior-court-atlanta-benton-2026,state-judicial,Superior Court,,2026,general,Atlanta Judicial Circuit — Benton,
superior-court-atlanta-eaton-2026,state-judicial,Superior Court,,2026,general,Atlanta Judicial Circuit — Eaton,
superior-court-atlanta-ellerbe-2026,state-judicial,Superior Court,,2026,general,Atlanta Judicial Circuit — Ellerbe,
superior-court-atlanta-farmer-2026,state-judicial,Superior Court,,2026,general,Atlanta Judicial Circuit — Farmer,
superior-court-atlanta-mcburney-2026,state-judicial,Superior Court,,2026,general,Atlanta Judicial Circuit — McBurney,
superior-court-atlanta-schwall-2026,state-judicial,Superior Court,,2026,general,Atlanta Judicial Circuit — Schwall,
superior-court-atlanta-whitaker-2026,state-judicial,Superior Court,,2026,general,Atlanta Judicial Circuit — Whitaker,
superior-court-atlantic-hendrix-2026,state-judicial,Superior Court,,2026,general,Atlantic Judicial Circuit — Hendrix,
superior-court-atlantic-stewart-2026,state-judicial,Superior Court,,2026,general,Atlantic Judicial Circuit — Stewart,
superior-court-augusta-heath-2026,state-judicial,Superior Court,,2026,general,Augusta Judicial Circuit — Heath,
superior-court-augusta-stone-2026,state-judicial,Superior Court,,2026,general,Augusta Judicial Circuit — Stone,
superior-court-augusta-wright-2026,state-judicial,Superior Court,,2026,general,Augusta Judicial Circuit — Wright,
superior-court-bell-forsyth-bagley-2026,state-judicial,Superior Court,,2026,general,Bell-Forsyth Judicial Circuit — Bagley,
superior-court-bell-forsyth-smith-2026,state-judicial,Superior Court,,2026,general,Bell-Forsyth Judicial Circuit — Smith,
superior-court-blue-ridge-baker-2026,state-judicial,Superior Court,,2026,general,Blue Ridge Judicial Circuit — Baker,
superior-court-brunswick-lane-2026,state-judicial,Superior Court,,2026,general,Brunswick Judicial Circuit — Lane,
superior-court-chattahoochee-burch-2026,state-judicial,Superior Court,,2026,general,Chattahoochee Judicial Circuit — Burch,
superior-court-cherokee-greene-2026,state-judicial,Superior Court,,2026,general,Cherokee Judicial Circuit — Greene,
superior-court-cherokee-patel-2026,state-judicial,Superior Court,,2026,general,Cherokee Judicial Circuit — Patel,
superior-court-cherokee-smith-2026,state-judicial,Superior Court,,2026,general,Cherokee Judicial Circuit — Smith,
superior-court-clayton-carter-2026,state-judicial,Superior Court,,2026,general,Clayton Judicial Circuit — Carter,
superior-court-clayton-mason-2026,state-judicial,Superior Court,,2026,general,Clayton Judicial Circuit — Mason,
superior-court-cobb-brown-2026,state-judicial,Superior Court,,2026,general,Cobb Judicial Circuit — Brown,
superior-court-cobb-harris-2026,state-judicial,Superior Court,,2026,general,Cobb Judicial Circuit — Harris,
superior-court-cobb-leonard-2026,state-judicial,Superior Court,,2026,general,Cobb Judicial Circuit — Leonard,
superior-court-columbia-blanchard-2026,state-judicial,Superior Court,,2026,general,Columbia Judicial Circuit — Blanchard,
superior-court-columbia-fleming-2026,state-judicial,Superior Court,,2026,general,Columbia Judicial Circuit — Fleming,
superior-court-conasauga-morris-2026,state-judicial,Superior Court,,2026,general,Conasauga Judicial Circuit — Morris,
superior-court-conasauga-wilbanks-2026,state-judicial,Superior Court,,2026,general,Conasauga Judicial Circuit — Wilbanks,
superior-court-coweta-bendinger-2026,state-judicial,Superior Court,,2026,general,Coweta Judicial Circuit — Bendinger,
superior-court-dekalb-jackson-latisha-2026,state-judicial,Superior Court,,2026,general,DeKalb Judicial Circuit — Jackson (LaTisha),
superior-court-dekalb-jackson-asha-2026,state-judicial,Superior Court,,2026,general,DeKalb Judicial Circuit — Jackson (Asha),
superior-court-dekalb-johnson-2026,state-judicial,Superior Court,,2026,general,DeKalb Judicial Circuit — Johnson,
superior-court-dougherty-dent-2026,state-judicial,Superior Court,,2026,general,Dougherty Judicial Circuit — Dent,
superior-court-douglas-adams-2026,state-judicial,Superior Court,,2026,general,Douglas Judicial Circuit — Adams,
superior-court-eastern-karpf-2026,state-judicial,Superior Court,,2026,general,Eastern Judicial Circuit — Karpf,
superior-court-eastern-stokes-2026,state-judicial,Superior Court,,2026,general,Eastern Judicial Circuit — Stokes,
superior-court-eastern-walmsley-2026,state-judicial,Superior Court,,2026,general,Eastern Judicial Circuit — Walmsley,
superior-court-enotah-george-2026,state-judicial,Superior Court,,2026,general,Enotah Judicial Circuit — George,
superior-court-enotah-levins-2026,state-judicial,Superior Court,,2026,general,Enotah Judicial Circuit — Levins,
superior-court-flint-lewis-2026,state-judicial,Superior Court,,2026,general,Flint Judicial Circuit — Lewis,
superior-court-flint-palmer-2026,state-judicial,Superior Court,,2026,general,Flint Judicial Circuit — Palmer,
superior-court-griffin-coker-2026,state-judicial,Superior Court,,2026,general,Griffin Judicial Circuit — Coker,
superior-court-griffin-kreuziger-2026,state-judicial,Superior Court,,2026,general,Griffin Judicial Circuit — Kreuziger,
superior-court-griffin-miller-2026,state-judicial,Superior Court,,2026,general,Griffin Judicial Circuit — Miller,
superior-court-gwinnett-cason-2026,state-judicial,Superior Court,,2026,general,Gwinnett Judicial Circuit — Cason,
superior-court-gwinnett-duncan-2026,state-judicial,Superior Court,,2026,general,Gwinnett Judicial Circuit — Duncan,
superior-court-gwinnett-hamil-2026,state-judicial,Superior Court,,2026,general,Gwinnett Judicial Circuit — Hamil,
superior-court-gwinnett-hutchinson-2026,state-judicial,Superior Court,,2026,general,Gwinnett Judicial Circuit — Hutchinson,
superior-court-gwinnett-mason-2026,state-judicial,Superior Court,,2026,general,Gwinnett Judicial Circuit — Mason,
superior-court-houston-smith-2026,state-judicial,Superior Court,,2026,general,Houston Judicial Circuit — Smith,
superior-court-lookout-mountain-thompson-2026,state-judicial,Superior Court,,2026,general,Lookout Mountain Judicial Circuit — Thompson,
superior-court-macon-mincey-2026,state-judicial,Superior Court,,2026,general,Macon Judicial Circuit — Mincey,
superior-court-macon-raymond-2026,state-judicial,Superior Court,,2026,general,Macon Judicial Circuit — Raymond,
superior-court-macon-smith-2026,state-judicial,Superior Court,,2026,general,Macon Judicial Circuit — Smith,
superior-court-macon-williford-2026,state-judicial,Superior Court,,2026,general,Macon Judicial Circuit — Williford,
superior-court-middle-reeves-2026,state-judicial,Superior Court,,2026,general,Middle Judicial Circuit — Reeves,
superior-court-middle-smith-2026,state-judicial,Superior Court,,2026,general,Middle Judicial Circuit — Smith,
superior-court-mountain-carswell-2026,state-judicial,Superior Court,,2026,general,Mountain Judicial Circuit — Carswell,
superior-court-mountain-jones-2026,state-judicial,Superior Court,,2026,general,Mountain Judicial Circuit — Jones,
superior-court-northeastern-burton-2026,state-judicial,Superior Court,,2026,general,Northeastern Judicial Circuit — Burton,
superior-court-northeastern-deal-2026,state-judicial,Superior Court,,2026,general,Northeastern Judicial Circuit — Deal,
superior-court-pataula-balkcom-2026,state-judicial,Superior Court,,2026,general,Pataula Judicial Circuit — Balkcom,
superior-court-paulding-rollins-2026,state-judicial,Superior Court,,2026,general,Paulding Judicial Circuit — Rollins,
superior-court-piedmont-griffie-2026,state-judicial,Superior Court,,2026,general,Piedmont Judicial Circuit — Griffie,
superior-court-rockdale-bills-2026,state-judicial,Superior Court,,2026,general,Rockdale Judicial Circuit — Bills,
superior-court-rome-king-2026,state-judicial,Superior Court,,2026,general,Rome Judicial Circuit — King,
superior-court-rome-sparks-2026,state-judicial,Superior Court,,2026,general,Rome Judicial Circuit — Sparks,
superior-court-southern-prine-2026,state-judicial,Superior Court,,2026,general,Southern Judicial Circuit — Prine,
superior-court-southern-smith-2026,state-judicial,Superior Court,,2026,general,Southern Judicial Circuit — Smith,
superior-court-southern-voyles-2026,state-judicial,Superior Court,,2026,general,Southern Judicial Circuit — Voyles,
superior-court-southwestern-sizemore-2026,state-judicial,Superior Court,,2026,general,Southwestern Judicial Circuit — Sizemore,
superior-court-tifton-powell-2026,state-judicial,Superior Court,,2026,general,Tifton Judicial Circuit — Powell,
superior-court-tifton-reinhardt-2026,state-judicial,Superior Court,,2026,general,Tifton Judicial Circuit — Reinhardt,
superior-court-towaliga-wilson-2026,state-judicial,Superior Court,,2026,general,Towaliga Judicial Circuit — Wilson,
superior-court-waycross-kight-2026,state-judicial,Superior Court,,2026,general,Waycross Judicial Circuit — Kight,
superior-court-west-georgia-hightower-2026,state-judicial,Superior Court,,2026,general,West Georgia Judicial Circuit — Hightower,
superior-court-western-lott-2026,state-judicial,Superior Court,,2026,general,Western Judicial Circuit — Lott,
superior-court-western-norris-2026,state-judicial,Superior Court,,2026,general,Western Judicial Circuit — Norris,
ga-house-1-2026,state,Georgia House of Representatives,1,2026,general,,
ga-house-2-2026,state,Georgia House of Representatives,2,2026,general,,
ga-house-3-2026,state,Georgia House of Representatives,3,2026,general,,
ga-house-4-2026,state,Georgia House of Representatives,4,2026,general,,
ga-house-5-2026,state,Georgia House of Representatives,5,2026,general,,
ga-house-6-2026,state,Georgia House of Representatives,6,2026,general,,
ga-house-7-2026,state,Georgia House of Representatives,7,2026,general,,
ga-house-8-2026,state,Georgia House of Representatives,8,2026,general,,
ga-house-9-2026,state,Georgia House of Representatives,9,2026,general,,
ga-house-10-2026,state,Georgia House of Representatives,10,2026,general,,
ga-house-11-2026,state,Georgia House of Representatives,11,2026,general,,
ga-house-12-2026,state,Georgia House of Representatives,12,2026,general,,
ga-house-13-2026,state,Georgia House of Representatives,13,2026,general,,
ga-house-14-2026,state,Georgia House of Representatives,14,2026,general,,
ga-house-15-2026,state,Georgia House of Representatives,15,2026,general,,
ga-house-16-2026,state,Georgia House of Representatives,16,2026,general,,
ga-house-17-2026,state,Georgia House of Representatives,17,2026,general,,
ga-house-18-2026,state,Georgia House of Representatives,18,2026,general,,
ga-house-19-2026,state,Georgia House of Representatives,19,2026,general,,
ga-house-20-2026,state,Georgia House of Representatives,20,2026,general,,
ga-house-21-2026,state,Georgia House of Representatives,21,2026,general,,
ga-house-22-2026,state,Georgia House of Representatives,22,2026,general,,
ga-house-23-2026,state,Georgia House of Representatives,23,2026,general,,
ga-house-24-2026,state,Georgia House of Representatives,24,2026,general,,
ga-house-25-2026,state,Georgia House of Representatives,25,2026,general,,
ga-house-26-2026,state,Georgia House of Representatives,26,2026,general,,
ga-house-27-2026,state,Georgia House of Representatives,27,2026,general,,
ga-house-28-2026,state,Georgia House of Representatives,28,2026,general,,
ga-house-29-2026,state,Georgia House of Representatives,29,2026,general,,
ga-house-30-2026,state,Georgia House of Representatives,30,2026,general,,
ga-house-31-2026,state,Georgia House of Representatives,31,2026,general,,
ga-house-32-2026,state,Georgia House of Representatives,32,2026,general,,
ga-house-33-2026,state,Georgia House of Representatives,33,2026,general,,
ga-house-34-2026,state,Georgia House of Representatives,34,2026,general,,
ga-house-35-2026,state,Georgia House of Representatives,35,2026,general,,
ga-house-36-2026,state,Georgia House of Representatives,36,2026,general,,
ga-house-37-2026,state,Georgia House of Representatives,37,2026,general,,
ga-house-38-2026,state,Georgia House of Representatives,38,2026,general,,
ga-house-39-2026,state,Georgia House of Representatives,39,2026,general,,
ga-house-40-2026,state,Georgia House of Representatives,40,2026,general,,
ga-house-41-2026,state,Georgia House of Representatives,41,2026,general,,
ga-house-42-2026,state,Georgia House of Representatives,42,2026,general,,
ga-house-43-2026,state,Georgia House of Representatives,43,2026,general,,
ga-house-44-2026,state,Georgia House of Representatives,44,2026,general,,
ga-house-45-2026,state,Georgia House of Representatives,45,2026,general,,
ga-house-46-2026,state,Georgia House of Representatives,46,2026,general,,
ga-house-47-2026,state,Georgia House of Representatives,47,2026,general,,
ga-house-48-2026,state,Georgia House of Representatives,48,2026,general,,
ga-house-49-2026,state,Georgia House of Representatives,49,2026,general,,
ga-house-50-2026,state,Georgia House of Representatives,50,2026,general,,
ga-house-51-2026,state,Georgia House of Representatives,51,2026,general,,
ga-house-52-2026,state,Georgia House of Representatives,52,2026,general,,
ga-house-53-2026,state,Georgia House of Representatives,53,2026,general,,
ga-house-54-2026,state,Georgia House of Representatives,54,2026,general,,
ga-house-55-2026,state,Georgia House of Representatives,55,2026,general,,
ga-house-56-2026,state,Georgia House of Representatives,56,2026,general,,
ga-house-57-2026,state,Georgia House of Representatives,57,2026,general,,
ga-house-58-2026,state,Georgia House of Representatives,58,2026,general,,
ga-house-59-2026,state,Georgia House of Representatives,59,2026,general,,
ga-house-60-2026,state,Georgia House of Representatives,60,2026,general,,
ga-house-61-2026,state,Georgia House of Representatives,61,2026,general,,
ga-house-62-2026,state,Georgia House of Representatives,62,2026,general,,
ga-house-63-2026,state,Georgia House of Representatives,63,2026,general,,
ga-house-64-2026,state,Georgia House of Representatives,64,2026,general,,
ga-house-65-2026,state,Georgia House of Representatives,65,2026,general,,
ga-house-66-2026,state,Georgia House of Representatives,66,2026,general,,
ga-house-67-2026,state,Georgia House of Representatives,67,2026,general,,
ga-house-68-2026,state,Georgia House of Representatives,68,2026,general,,
ga-house-69-2026,state,Georgia House of Representatives,69,2026,general,,
ga-house-70-2026,state,Georgia House of Representatives,70,2026,general,,
ga-house-71-2026,state,Georgia House of Representatives,71,2026,general,,
ga-house-72-2026,state,Georgia House of Representatives,72,2026,general,,
ga-house-73-2026,state,Georgia House of Representatives,73,2026,general,,
ga-house-74-2026,state,Georgia House of Representatives,74,2026,general,,
ga-house-75-2026,state,Georgia House of Representatives,75,2026,general,,
ga-house-76-2026,state,Georgia House of Representatives,76,2026,general,,
ga-house-77-2026,state,Georgia House of Representatives,77,2026,general,,
ga-house-78-2026,state,Georgia House of Representatives,78,2026,general,,
ga-house-79-2026,state,Georgia House of Representatives,79,2026,general,,
ga-house-80-2026,state,Georgia House of Representatives,80,2026,general,,
ga-house-81-2026,state,Georgia House of Representatives,81,2026,general,,
ga-house-82-2026,state,Georgia House of Representatives,82,2026,general,,
ga-house-83-2026,state,Georgia House of Representatives,83,2026,general,,
ga-house-84-2026,state,Georgia House of Representatives,84,2026,general,,
ga-house-85-2026,state,Georgia House of Representatives,85,2026,general,,
ga-house-86-2026,state,Georgia House of Representatives,86,2026,general,,
ga-house-87-2026,state,Georgia House of Representatives,87,2026,general,,
ga-house-88-2026,state,Georgia House of Representatives,88,2026,general,,
ga-house-89-2026,state,Georgia House of Representatives,89,2026,general,,
ga-house-90-2026,state,Georgia House of Representatives,90,2026,general,,
ga-house-91-2026,state,Georgia House of Representatives,91,2026,general,,
ga-house-92-2026,state,Georgia House of Representatives,92,2026,general,,
ga-house-93-2026,state,Georgia House of Representatives,93,2026,general,,
ga-house-94-2026,state,Georgia House of Representatives,94,2026,general,,
ga-house-95-2026,state,Georgia House of Representatives,95,2026,general,,
ga-house-96-2026,state,Georgia House of Representatives,96,2026,general,,
ga-house-97-2026,state,Georgia House of Representatives,97,2026,general,,
ga-house-98-2026,state,Georgia House of Representatives,98,2026,general,,
ga-house-99-2026,state,Georgia House of Representatives,99,2026,general,,
ga-house-100-2026,state,Georgia House of Representatives,100,2026,general,,
ga-house-101-2026,state,Georgia House of Representatives,101,2026,general,,
ga-house-102-2026,state,Georgia House of Representatives,102,2026,general,,
ga-house-103-2026,state,Georgia House of Representatives,103,2026,general,,
ga-house-104-2026,state,Georgia House of Representatives,104,2026,general,,
ga-house-105-2026,state,Georgia House of Representatives,105,2026,general,,
ga-house-106-2026,state,Georgia House of Representatives,106,2026,general,,
ga-house-107-2026,state,Georgia House of Representatives,107,2026,general,,
ga-house-108-2026,state,Georgia House of Representatives,108,2026,general,,
ga-house-109-2026,state,Georgia House of Representatives,109,2026,general,,
ga-house-110-2026,state,Georgia House of Representatives,110,2026,general,,
ga-house-111-2026,state,Georgia House of Representatives,111,2026,general,,
ga-house-112-2026,state,Georgia House of Representatives,112,2026,general,,
ga-house-113-2026,state,Georgia House of Representatives,113,2026,general,,
ga-house-114-2026,state,Georgia House of Representatives,114,2026,general,,
ga-house-115-2026,state,Georgia House of Representatives,115,2026,general,,
ga-house-116-2026,state,Georgia House of Representatives,116,2026,general,,
ga-house-117-2026,state,Georgia House of Representatives,117,2026,general,,
ga-house-118-2026,state,Georgia House of Representatives,118,2026,general,,
ga-house-119-2026,state,Georgia House of Representatives,119,2026,general,,
ga-house-120-2026,state,Georgia House of Representatives,120,2026,general,,
ga-house-121-2026,state,Georgia House of Representatives,121,2026,general,,
ga-house-122-2026,state,Georgia House of Representatives,122,2026,general,,
ga-house-123-2026,state,Georgia House of Representatives,123,2026,general,,
ga-house-124-2026,state,Georgia House of Representatives,124,2026,general,,
ga-house-125-2026,state,Georgia House of Representatives,125,2026,general,,
ga-house-126-2026,state,Georgia House of Representatives,126,2026,general,,
ga-house-127-2026,state,Georgia House of Representatives,127,2026,general,,
ga-house-128-2026,state,Georgia House of Representatives,128,2026,general,,
ga-house-129-2026,state,Georgia House of Representatives,129,2026,general,,
ga-house-130-2026,state,Georgia House of Representatives,130,2026,general,,
ga-house-131-2026,state,Georgia House of Representatives,131,2026,general,,
ga-house-132-2026,state,Georgia House of Representatives,132,2026,general,,
ga-house-133-2026,state,Georgia House of Representatives,133,2026,general,,
ga-house-134-2026,state,Georgia House of Representatives,134,2026,general,,
ga-house-135-2026,state,Georgia House of Representatives,135,2026,general,,
ga-house-136-2026,state,Georgia House of Representatives,136,2026,general,,
ga-house-137-2026,state,Georgia House of Representatives,137,2026,general,,
ga-house-138-2026,state,Georgia House of Representatives,138,2026,general,,
ga-house-139-2026,state,Georgia House of Representatives,139,2026,general,,
ga-house-140-2026,state,Georgia House of Representatives,140,2026,general,,
ga-house-141-2026,state,Georgia House of Representatives,141,2026,general,,
ga-house-142-2026,state,Georgia House of Representatives,142,2026,general,,
ga-house-143-2026,state,Georgia House of Representatives,143,2026,general,,
ga-house-144-2026,state,Georgia House of Representatives,144,2026,general,,
ga-house-145-2026,state,Georgia House of Representatives,145,2026,general,,
ga-house-146-2026,state,Georgia House of Representatives,146,2026,general,,
ga-house-147-2026,state,Georgia House of Representatives,147,2026,general,,
ga-house-148-2026,state,Georgia House of Representatives,148,2026,general,,
ga-house-149-2026,state,Georgia House of Representatives,149,2026,general,,
ga-house-150-2026,state,Georgia House of Representatives,150,2026,general,,
ga-house-151-2026,state,Georgia House of Representatives,151,2026,general,,
ga-house-152-2026,state,Georgia House of Representatives,152,2026,general,,
ga-house-153-2026,state,Georgia House of Representatives,153,2026,general,,
ga-house-154-2026,state,Georgia House of Representatives,154,2026,general,,
ga-house-155-2026,state,Georgia House of Representatives,155,2026,general,,
ga-house-156-2026,state,Georgia House of Representatives,156,2026,general,,
ga-house-157-2026,state,Georgia House of Representatives,157,2026,general,,
ga-house-158-2026,state,Georgia House of Representatives,158,2026,general,,
ga-house-159-2026,state,Georgia House of Representatives,159,2026,general,,
ga-house-160-2026,state,Georgia House of Representatives,160,2026,general,,
ga-house-161-2026,state,Georgia House of Representatives,161,2026,general,,
ga-house-162-2026,state,Georgia House of Representatives,162,2026,general,,
ga-house-163-2026,state,Georgia House of Representatives,163,2026,general,,
ga-house-164-2026,state,Georgia House of Representatives,164,2026,general,,
ga-house-165-2026,state,Georgia House of Representatives,165,2026,general,,
ga-house-166-2026,state,Georgia House of Representatives,166,2026,general,,
ga-house-167-2026,state,Georgia House of Representatives,167,2026,general,,
ga-house-168-2026,state,Georgia House of Representatives,168,2026,general,,
ga-house-169-2026,state,Georgia House of Representatives,169,2026,general,,
ga-house-170-2026,state,Georgia House of Representatives,170,2026,general,,
ga-house-171-2026,state,Georgia House of Representatives,171,2026,general,,
ga-house-172-2026,state,Georgia House of Representatives,172,2026,general,,
ga-house-173-2026,state,Georgia House of Representatives,173,2026,general,,
ga-house-174-2026,state,Georgia House of Representatives,174,2026,general,,
ga-house-175-2026,state,Georgia House of Representatives,175,2026,general,,
ga-house-176-2026,state,Georgia House of Representatives,176,2026,general,,
ga-house-177-2026,state,Georgia House of Representatives,177,2026,general,,
ga-house-178-2026,state,Georgia House of Representatives,178,2026,general,,
ga-house-179-2026,state,Georgia House of Representatives,179,2026,general,,
ga-house-180-2026,state,Georgia House of Representatives,180,2026,general,,
ga-senate-1-2026,state,Georgia State Senate,1,2026,general,,
ga-senate-2-2026,state,Georgia State Senate,2,2026,general,,
ga-senate-3-2026,state,Georgia State Senate,3,2026,general,,
ga-senate-4-2026,state,Georgia State Senate,4,2026,general,,
ga-senate-5-2026,state,Georgia State Senate,5,2026,general,,
ga-senate-6-2026,state,Georgia State Senate,6,2026,general,,
ga-senate-7-2026,state,Georgia State Senate,7,2026,general,,
ga-senate-8-2026,state,Georgia State Senate,8,2026,general,,
ga-senate-9-2026,state,Georgia State Senate,9,2026,general,,
ga-senate-10-2026,state,Georgia State Senate,10,2026,general,,
ga-senate-11-2026,state,Georgia State Senate,11,2026,general,,
ga-senate-12-2026,state,Georgia State Senate,12,2026,general,,
ga-senate-13-2026,state,Georgia State Senate,13,2026,general,,
ga-senate-14-2026,state,Georgia State Senate,14,2026,general,,
ga-senate-15-2026,state,Georgia State Senate,15,2026,general,,
ga-senate-16-2026,state,Georgia State Senate,16,2026,general,,
ga-senate-17-2026,state,Georgia State Senate,17,2026,general,,
ga-senate-18-2026,state,Georgia State Senate,18,2026,general,,
ga-senate-19-2026,state,Georgia State Senate,19,2026,general,,
ga-senate-20-2026,state,Georgia State Senate,20,2026,general,,
ga-senate-21-2026,state,Georgia State Senate,21,2026,general,,
ga-senate-22-2026,state,Georgia State Senate,22,2026,general,,
ga-senate-23-2026,state,Georgia State Senate,23,2026,general,,
ga-senate-24-2026,state,Georgia State Senate,24,2026,general,,
ga-senate-25-2026,state,Georgia State Senate,25,2026,general,,
ga-senate-26-2026,state,Georgia State Senate,26,2026,general,,
ga-senate-27-2026,state,Georgia State Senate,27,2026,general,,
ga-senate-28-2026,state,Georgia State Senate,28,2026,general,,
ga-senate-29-2026,state,Georgia State Senate,29,2026,general,,
ga-senate-30-2026,state,Georgia State Senate,30,2026,general,,
ga-senate-31-2026,state,Georgia State Senate,31,2026,general,,
ga-senate-32-2026,state,Georgia State Senate,32,2026,general,,
ga-senate-33-2026,state,Georgia State Senate,33,2026,general,,
ga-senate-34-2026,state,Georgia State Senate,34,2026,general,,
ga-senate-35-2026,state,Georgia State Senate,35,2026,general,,
ga-senate-36-2026,state,Georgia State Senate,36,2026,general,,
ga-senate-37-2026,state,Georgia State Senate,37,2026,general,,
ga-senate-38-2026,state,Georgia State Senate,38,2026,general,,
ga-senate-39-2026,state,Georgia State Senate,39,2026,general,,
ga-senate-40-2026,state,Georgia State Senate,40,2026,general,,
ga-senate-41-2026,state,Georgia State Senate,41,2026,general,,
ga-senate-42-2026,state,Georgia State Senate,42,2026,general,,
ga-senate-43-2026,state,Georgia State Senate,43,2026,general,,
ga-senate-44-2026,state,Georgia State Senate,44,2026,general,,
ga-senate-45-2026,state,Georgia State Senate,45,2026,general,,
ga-senate-46-2026,state,Georgia State Senate,46,2026,general,,
ga-senate-47-2026,state,Georgia State Senate,47,2026,general,,
ga-senate-48-2026,state,Georgia State Senate,48,2026,general,,
ga-senate-49-2026,state,Georgia State Senate,49,2026,general,,
ga-senate-50-2026,state,Georgia State Senate,50,2026,general,,
ga-senate-51-2026,state,Georgia State Senate,51,2026,general,,
ga-senate-52-2026,state,Georgia State Senate,52,2026,general,,
ga-senate-53-2026,state,Georgia State Senate,53,2026,general,,
ga-senate-54-2026,state,Georgia State Senate,54,2026,general,,
ga-senate-55-2026,state,Georgia State Senate,55,2026,general,,
ga-senate-56-2026,state,Georgia State Senate,56,2026,general,,
da-atlantic-2026,local,District Attorney,,2026,general,District Attorney — Atlantic Judicial Circuit,
da-columbia-2026,local,District Attorney,,2026,general,District Attorney — Columbia Judicial Circuit,
da-cordele-2026,local,District Attorney,,2026,general,District Attorney — Cordele Judicial Circuit,
da-enotah-2026,local,District Attorney,,2026,general,District Attorney — Enotah Judicial Circuit,
da-northeastern-2026,local,District Attorney,,2026,general,District Attorney — Northeastern Judicial Circuit,
da-pataula-2026,local,District Attorney,,2026,general,District Attorney — Pataula Judicial Circuit,
da-paulding-2026,local,District Attorney,,2026,general,District Attorney — Paulding Judicial Circuit,
da-rockdale-2026,local,District Attorney,,2026,general,District Attorney — Rockdale Judicial Circuit,
da-waycross-2026,local,District Attorney,,2026,general,District Attorney — Waycross Judicial Circuit,
da-west-georgia-2026,local,District Attorney,,2026,general,District Attorney — West Georgia Judicial Circuit,
